id,name,created_at
RAqzxSJcl7Oqwft0WcZdPA==,pbkEFIgyPpXgyV9Adq0Tdgk1lWZtWkvW6CVpeg3OE1E=,2021-03-19
fC+1IQ/LcI/4tuFw4ADAYQ==,CTgzYfaARdU5rf2ugCN5222d3bOS826mVE8o8MaZyaQ=,2019-04-19
Qu26Efdlnp3ZZkjt/BQfSQ==,+m0gX8kkwhZK+AKmjIS50vo5q81bBXiUIdYeLWkzc1Y=,2018-09-01
4/de+E7w0FRjaRuXcf1Zag==,QTdef3Okr1/FcXUMYAbUgMO9bafMgbWrQnNuF0z2h5U=,2021-07-19
DsTVQOTgLPdRiMumt+6lfw==,orlluqLh9GJfrro/mKLoBpX6cZMo+5aXyof4fx3X4YI=,2020-11-10
whYS6yKN/9cyyB/l649ong==,4Fcj3Nu/+rPXeQjXIxqt+XwRSVXywSEMhEQIpfB+SJw=,2019-08-01
SdYno7IhBPsZxFawi3VT9g==,WDiDokM3moCTG3lVg+lQmMhh+QDhtMlF/jHj3tjrSDw=,2021-01-03
3TB6T8CT/m/sBtYXy8XpTg==,p6n5EktF6RFnH80aDdhZEYuvuixLfGqB3DzbNp5qItQ=,2018-03-21
fcs9hrjnEV611eMkVezAnw==,SmguYSE7OdP3pLydyKLTnNCmFfyELR8EFu6svJts5XI=,2018-03-21
i1fdGrqzz6Uys2R3FUjpPA==,h86oHZccLLbpVU4I4mqdmGPqIFpWifsV1zkTGbqLS+g=,2018-03-21
7HLGJ96/7ZNNHLQao48zbg==,2vgZSO3XR6B8f79L8W0Ns2gYP4l5ljHnVAfm/eDP3pw=,2018-03-21
Sq5biamKXyops8mpbgXZqw==,pkDqxXBuexycVfzL7T1BBrjVyhuPG1AqpwP2Qkcr8tk=,2018-03-21
f8HzZg+sMK4u23MXtYupzw==,rIpJZ3t6EGjEtxJ5QwIPl6y/5JjEwhfdEW9RmLH7UUk=,2018-03-21
snbLmnJ0Y8Ogua2/DV+31A==,GCy3g3V1BXODvNMk/BTnslsg8PCaxPfGsjxVCTjNImc=,2018-03-21
9nnTmV6ViwHCyg4C8WEkzg==,1W+5FnNL/2m5nH6sdhsQ9w4ASb4ccFTBXYFh1Mp7Mfg=,2018-03-21
yLvV4o7K0RwRSibznUFaCg==,0wE6uBVTNL/Y+K9xVC1F2oirGTJBcNkUN/+WI1guElQ=,2018-03-21
Jtyye8Qcrahu57GsxVmwgg==,A8lFVoQcNVri62/VRVVca2ZNZ3TGi9ZI3Yg7TSjpFzs=,2021-01-19
